<?xml version="1.0" encoding="UTF-8"?>
<!DOCTYPE mapper 
PUBLIC "-//mybatis.org//DTD Mapper 3.0//EN" 
"http://mybatis.org/dtd/mybatis-3-mapper.dtd" >

<mapper namespace="com.goodee.gdlibrary.mapper.BookReplyMapper">

	<insert id="insertReply" parameterType="BookReplyDTO">
		INSERT INTO BOOK_REPLY
			(BOOK_NO, MEMBER_ID, BOOK_REPLY_CONTENT, BOOK_REPLY_CREATED, BOOK_RATING)
		  VALUES
		    (#{bookNo}, #{memberId}, #{bookReplyContent}, now(), #{bookRating})	
	</insert>
	
	<!-- 해당 게시글에 달린 댓글의 갯수 -->
	<select id="selectReplyCount" parameterType="Long" resultType="Integer">
		SELECT COUNT(BOOK_REPLY_NO)
		  FROM BOOK_REPLY
		 WHERE BOOK_NO = #{bookNo}
	</select>
	
	<select id="selectReplyList" parameterType="Map" resultType="BookReplyDTO">
		SELECT BOOK_REPLY_NO, BOOK_NO, MEMBER_ID, BOOK_REPLY_CONTENT, BOOK_REPLY_CREATED, BOOK_RATING
		  FROM BOOK_REPLY
		 WHERE BOOK_NO = #{bookNo} 
		 LIMIT #{beginRecord}, #{recordPerPage} 
	</select>
	
	<select id="selectReplyRatingAverage" parameterType="Long" resultType="Double">
		SELECT ROUND(AVG(BOOK_RATING), 1)
		  FROM BOOK_REPLY
		 WHERE BOOK_NO = #{bookNo}
	</select>
	
	<!-- 대여기록체크 -->
	<select id="selectRentCheck" parameterType="BookReplyDTO" resultType="Integer">
		SELECT COUNT(*)
		  FROM RENT
		 WHERE BOOK_NO = #{bookNo}
		   AND MEMBER_ID = #{memberId}
	</select>
	<!-- 대여기록체크 -->
	<select id="selectReturnCheck" parameterType="BookReplyDTO" resultType="Integer">
		SELECT COUNT(*)
		  FROM RETURNED
		 WHERE BOOK_NO = #{bookNo}
		   AND MEMBER_ID = #{memberId}
	</select>
	<!-- 대여기록체크 -->
	<select id="selectOverdueCheck" parameterType="BookReplyDTO" resultType="Integer">
		SELECT COUNT(*)
		  FROM OVERDUE
		 WHERE BOOK_NO = #{bookNo}
		   AND MEMBER_ID = #{memberId}
	</select>
	
	
</mapper>