<?xml version="1.0" encoding="UTF-8"?>
<beans:beans xmlns="http://www.springframework.org/schema/mvc"
	xmlns:xsi="http://www.w3.org/2001/XMLSchema-instance"
	xmlns:beans="http://www.springframework.org/schema/beans"
	xmlns:context="http://www.springframework.org/schema/context"
	xsi:schemaLocation="http://www.springframework.org/schema/mvc https://www.springframework.org/schema/mvc/spring-mvc.xsd
		http://www.springframework.org/schema/beans https://www.springframework.org/schema/beans/spring-beans.xsd
		http://www.springframework.org/schema/context https://www.springframework.org/schema/context/spring-context.xsd">

	<!-- DispatcherServlet Context: defines this servlet's request-processing infrastructure -->
	
	<!-- Enables the Spring MVC @Controller programming model -->
	<annotation-driven />

	<!-- Handles HTTP GET requests for /resources/** by efficiently serving up static resources in the ${webappRoot}/resources directory -->
	<resources mapping="/resources/**" location="/resources/" />

	<!-- Resolves views selected for rendering by @Controllers to .jsp resources in the /WEB-INF/views directory -->
	<beans:bean class="org.springframework.web.servlet.view.InternalResourceViewResolver">
		<beans:property name="prefix" value="/WEB-INF/views/" />
		<beans:property name="suffix" value=".jsp" />
	</beans:bean>
	
	<context:component-scan base-package="com.goodee.gdlibrary" />
	
	
	
	<beans:bean class="com.goodee.gdlibrary.interceptor.LoginInterceptor" id="loginInterceptor" />
	<beans:bean class="com.goodee.gdlibrary.interceptor.PreventLoginInterceptor" id="preventLoginInterceptor" />
	<beans:bean class="com.goodee.gdlibrary.interceptor.KeepLoginInterceptor" id="keepLoginInterceptor" />
	<beans:bean class="com.goodee.gdlibrary.interceptor.NaverLoginInterceptor" id="NaverLoginInterceptor" />
	<beans:bean class="com.goodee.gdlibrary.interceptor.PreventNaverInterceptor" id="PreventNaverInterceptor" />
	
   
   <interceptors>
      <interceptor>
         <mapping path="/member/login" />
         <beans:ref bean="loginInterceptor" />
      </interceptor>
      <interceptor>
         <mapping path="/member/callback" />
         <beans:ref bean="NaverLoginInterceptor" />
      </interceptor>
      <interceptor>
         <mapping path="/member/agreePage" />
         <mapping path="/member/signInPage" />
         <mapping path="/member/loginPage" />
         <beans:ref bean="preventLoginInterceptor" />
      </interceptor>
      <interceptor>
         <mapping path="/**" />
         <beans:ref bean="keepLoginInterceptor" />
      </interceptor>
      <interceptor>
         <mapping path="/member/pwModifyConfirm" />
         <mapping path="/member/deleteConfirm" />
         <mapping path="/member/modifyConfirm" />
         <beans:ref bean="PreventNaverInterceptor" />
      </interceptor>
   </interceptors>

	
	
	
	
	

	<beans:bean class="com.goodee.gdlibrary.interceptor.RequiredLoginInterceptor1" id="requiredLoginInterceptor" />

	  
	<interceptors>
		<interceptor>
			<mapping path="/rent/rentBook"/>
			<mapping path="/returned/returnedBookPage"/>
			<mapping path="/qaa/addQaaPage"/>
			<mapping path="/seat/seatAgreePage"/>
			<beans:ref bean="requiredLoginInterceptor"/>
		</interceptor>
	</interceptors>
	
	
	<beans:bean class="com.goodee.gdlibrary.interceptor.AdminInterceptor" id="adminInterceptor" />
	
	<interceptors>
		<interceptor>
			<mapping path="/admin/manageMain"/>
			<beans:ref bean="adminInterceptor"/>
		</interceptor>
	</interceptors>
	
	
</beans:beans>
